<?xml version="1.0" encoding="utf-8"?>
<!-- XML file generated by eXact Packager -->
<!-- eXact Packager licensed to: Ivimeds -->
<xp:group xp:deliverytype="IMS" xlink:label="L2225" xmlns:xlink="http://www.w3.org/1999/xlink" xmlns:xp="http://www.giuntilabs.com/exact/xp_v1d0">
<style xmlns="http://www.giuntilabs.com/exact/xp_v1d0">
<colors c1="#000000" c2="#FFFFFF" c3="#D4D4D6" c4="#005FAE" c5="#003060" c6="#01D4FA"/>
<linkcolors normal="#0000FF" visited="#800080" active="#FF0000"/><tracking>None</tracking>
<pagesize width="760" height="640" type="1"/>
<!-- eXact Packager 2.0 Text Styles -->
<textstyles>
<textstyle type="Title">
<normal fontface="Arial" fontsize="24" color="#000000" bold="false" italic="false" underline="false"/>
<emph fontface="Arial" fontsize="24" color="#000000" bold="false" italic="true" underline="false"/>
<moreemph fontface="Arial" fontsize="24" color="#000000" bold="true" italic="false" underline="false"/>
</textstyle>
<textstyle type="Subtitle">
<normal fontface="Arial" fontsize="20" color="#000000" bold="false" italic="false" underline="false"/>
<emph fontface="Arial" fontsize="20" color="#000000" bold="false" italic="true" underline="false"/>
<moreemph fontface="Arial" fontsize="20" color="#000000" bold="true" italic="false" underline="false"/>
</textstyle>
<textstyle type="Subsubtitle">
<normal fontface="Arial" fontsize="16" color="#000000" bold="false" italic="false" underline="false"/>
<emph fontface="Arial" fontsize="16" color="#000000" bold="false" italic="true" underline="false"/>
<moreemph fontface="Arial" fontsize="16" color="#000000" bold="true" italic="false" underline="false"/>
</textstyle>
<textstyle type="TextIntro">
<normal fontface="Arial" fontsize="10" color="#000000" bold="false" italic="false" underline="false"/>
<emph fontface="Arial" fontsize="10" color="#000000" bold="false" italic="true" underline="false"/>
<moreemph fontface="Arial" fontsize="10" color="#000000" bold="true" italic="false" underline="false"/>
</textstyle>
<textstyle type="TextBody">
<normal fontface="Arial" fontsize="12" color="#000000" bold="false" italic="false" underline="false"/>
<emph fontface="Arial" fontsize="12" color="#000000" bold="false" italic="true" underline="false"/>
<moreemph fontface="Arial" fontsize="12" color="#000000" bold="true" italic="false" underline="false"/>
</textstyle>
<textstyle type="TextEnd">
<normal fontface="Arial" fontsize="10" color="#000000" bold="false" italic="false" underline="false"/>
<emph fontface="Arial" fontsize="10" color="#000000" bold="false" italic="true" underline="false"/>
<moreemph fontface="Arial" fontsize="10" color="#000000" bold="true" italic="false" underline="false"/>
</textstyle>
<textstyle type="References">
<normal fontface="Arial" fontsize="8" color="#000000" bold="false" italic="false" underline="false"/>
<emph fontface="Arial" fontsize="8" color="#000000" bold="false" italic="true" underline="false"/>
<moreemph fontface="Arial" fontsize="8" color="#000000" bold="true" italic="false" underline="false"/>
</textstyle>
<textstyle type="Fig-caption">
<normal fontface="Arial" fontsize="8" color="#000000" bold="false" italic="false" underline="false"/>
<emph fontface="Arial" fontsize="8" color="#000000" bold="false" italic="true" underline="false"/>
<moreemph fontface="Arial" fontsize="8" color="#000000" bold="true" italic="false" underline="false"/>
</textstyle>
<textstyle type="Footnote">
<normal fontface="Arial" fontsize="8" color="#000000" bold="false" italic="false" underline="false"/>
<emph fontface="Arial" fontsize="8" color="#000000" bold="false" italic="true" underline="false"/>
<moreemph fontface="Arial" fontsize="8" color="#000000" bold="true" italic="false" underline="false"/>
</textstyle>
<textstyle type="Button Text">
<normal fontface="Arial" fontsize="10" color="#808080" bold="false" italic="false" underline="false"/>
<emph fontface="Arial" fontsize="10" color="#808080" bold="false" italic="true" underline="false"/>
<moreemph fontface="Arial" fontsize="10" color="#808080" bold="true" italic="false" underline="false"/>
</textstyle>
</textstyles>
<!-- eXact Packager 2.1 (and above) Text Styles -->
<semantictypes xmlns="http://www.giuntilabs.com/exact/xp_semantictypes_v1p0"><paragraph type="title" fontname="Arial" fontsize="32" fontcolor="#000000" bold="false" italic="false" letterspacing="0" wordspacing="0" lettercase="none" decoration="none" locked="false" align="left" textindent="0" marginleft="0" marginright="0" margintop="0" marginbottom="0"/><paragraph type="subtitle" fontname="Arial" fontsize="27" fontcolor="#000000" bold="false" italic="false" letterspacing="0" wordspacing="0" lettercase="none" decoration="none" locked="false" align="left" textindent="0" marginleft="0" marginright="0" margintop="0" marginbottom="0"/><paragraph type="subsubtitle" fontname="Arial" fontsize="21" fontcolor="#000000" bold="false" italic="false" letterspacing="0" wordspacing="0" lettercase="none" decoration="none" locked="false" align="left" textindent="0" marginleft="0" marginright="0" margintop="0" marginbottom="0"/><paragraph type="textintro" fontname="Arial" fontsize="13" fontcolor="#000000" bold="false" italic="false" letterspacing="0" wordspacing="0" lettercase="none" decoration="none" locked="false" align="left" textindent="0" marginleft="0" marginright="0" margintop="0" marginbottom="0"/><paragraph type="textbody" fontname="Arial" fontsize="16" fontcolor="#000000" bold="false" italic="false" letterspacing="0" wordspacing="0" lettercase="none" decoration="none" locked="false" align="left" textindent="0" marginleft="0" marginright="0" margintop="0" marginbottom="0"/><paragraph type="textend" fontname="Arial" fontsize="13" fontcolor="#000000" bold="false" italic="false" letterspacing="0" wordspacing="0" lettercase="none" decoration="none" locked="false" align="left" textindent="0" marginleft="0" marginright="0" margintop="0" marginbottom="0"/><paragraph type="references" fontname="Arial" fontsize="11" fontcolor="#000000" bold="false" italic="false" letterspacing="0" wordspacing="0" lettercase="none" decoration="none" locked="false" align="left" textindent="0" marginleft="0" marginright="0" margintop="0" marginbottom="0"/><paragraph type="figcaption" fontname="Arial" fontsize="11" fontcolor="#000000" bold="false" italic="false" letterspacing="0" wordspacing="0" lettercase="none" decoration="none" locked="false" align="left" textindent="0" marginleft="0" marginright="0" margintop="0" marginbottom="0"/><paragraph type="footnote" fontname="Arial" fontsize="11" fontcolor="#000000" bold="false" italic="false" letterspacing="0" wordspacing="0" lettercase="none" decoration="none" locked="false" align="left" textindent="0" marginleft="0" marginright="0" margintop="0" marginbottom="0"/><paragraph type="textbutton" fontname="Arial" fontsize="13" fontcolor="#808080" bold="false" italic="false" letterspacing="0" wordspacing="0" lettercase="none" decoration="none" locked="false" align="left" textindent="0" marginleft="0" marginright="0" margintop="0" marginbottom="0"/><hotword type="em1" bold="false" italic="true"/><hotword type="em2" bold="true" italic="false"/><hotword type="em3" bold="true" italic="true"/><hotword type="em4" bold="true" italic="true" decoration="underline"/><hotword type="link" fontcolor="#0000FF"/><hotword type="activelink" fontcolor="#FF0000"/><hotword type="visitedlink" fontcolor="#800080"/></semantictypes></style>
<group xlink:label="L2226"><b>Effect of hypertension on arterial tree</b><br/>
<br/>
The complications of hypertension are important not only because of their effects on the arterial tree itself, but because of damage to major organs, i.e. brain, eye, heart, blood vessels and kidneys.<br/>
<br/>
<i>From your knowledge of the circulation and of the structure of arteries, can you suggest structural and functional changes that may result from prolonged hypertension?</i><br/>
										<br/>
To compare your answer, click on Answer.</group>
<text xlink:label="L2227"><b>Pathophysiology of hypertension </b></text>
<heading1 xlink:label="L2228">Normal and abnormal structure and function</heading1>
<answer xlink:label="L2229"><link xlink:href="../1636F472-5823-4DDF-8918-AB3C254B04AE/Single_Page_2232.html#L2232" xlink:name="Answer" href="../1636F472-5823-4DDF-8918-AB3C254B04AE/Single_Page_2232.html#L2232" name="Answer" ShowMode="">Answer</link></answer>
<movie><xp:mov xlink:label="L2230" href="../hyp2_11.swf" alt="">
</xp:mov></movie>
<xp:page xp:deliverytype="IMS" xlink:label="L2231" href="Single_Page_2231.html" xp:level="1" xp:navmode="closed" xp:width="760" xp:height="640">
</xp:page>
<xp:page xp:deliverytype="IMS" xlink:label="L2232" href="Single_Page_2232.html" xp:level="1" xp:navmode="closed" xp:width="760" xp:height="640">
<text_answer xlink:label="L2233">The larger (elastic) arteries show internal elastic lamina thickening, smooth muscle hypertrophy and fibrosis.<br/>
<br/>
These changes reduce the lumen, increase shear stress on the intima, increase turbulence, decrease endothelial function and reduce distensibility/compliance.<br/>
<br/>
The smaller arteries show hyaline sclerosis which narrows the lumen. The histology slide shows hyaline arteriolar sclerosis, possibly the result of long-standing, uncontrolled hypertension.  The vessel appears to be greater than 80% occluded.</text_answer>
<square_paleblue xlink:label="L2234" alt="">
<xp:img href="../SQUARE_paleblue.gif" width="300" height="300"></xp:img></square_paleblue>
<interntet_icon xlink:label="L2235" alt="" xlink:href="../Hyaline_arteriolar_sclerosis.jpg" xlink:name="New Link" href="../Hyaline_arteriolar_sclerosis.jpg" name="New Link" ShowMode="NewWindow" windowwidth="450" windowheight="400" windowtop="350" windowleft="300">
<xp:img href="../interntet_icon.jpg" width="44" height="38"></xp:img></interntet_icon>
<question xlink:label="L2236"><i>What effect do these structural changes found in arteries following hypertension have on peripheral vascular resistance (PVR)?</i><br/>
<br/>
<link xlink:href="../1636F472-5823-4DDF-8918-AB3C254B04AE/Single_Page_2239.html#L2239" xlink:name="Answer 2" href="../1636F472-5823-4DDF-8918-AB3C254B04AE/Single_Page_2239.html#L2239" name="Answer 2" ShowMode="">Answer</link><br/>
<br/>
</question>
<xp:page xp:deliverytype="IMS" xlink:label="L2237" href="Single_Page_2237.html" xp:level="2" xp:navmode="closed" xp:width="760" xp:height="640">
</xp:page>
<arrow xlink:label="L2238" alt="" xlink:href="http://www.medscimonit.com/pub/vol_6/no_2/1019.pdf" xlink:name="New Link" href="http://www.medscimonit.com/pub/vol_6/no_2/1019.pdf" name="New Link" ShowMode="NewWindow" windowtop="350">
<xp:img href="../arrow.gif" width="30" height="30"></xp:img></arrow>
<xp:page xp:deliverytype="IMS" xlink:label="L2239" href="Single_Page_2239.html" xp:level="2" xp:navmode="closed" xp:width="760" xp:height="640">
<pvr_answer xlink:label="L2240">PVR increases. This in turn results in a further increase in blood pressure. (Click on arrow to see a graphical representation)</pvr_answer>
<square_paleblue xlink:label="L2241" alt="">
<xp:img href="../SQUARE_paleblue.gif" width="300" height="300"></xp:img></square_paleblue>
<clcik_to_url_manchester xlink:label="L2242">To read further on 'The Structure of Small Arteries in Essential Hypertension' (A M Heagerty) click on web address <link xlink:href="http://www.mcmaster.ca/inabis98/mulvany/heagerty0861/two.html" xlink:name="http://www.mcmaster.ca/inabis98/mulvany/heagerty0861/two.html" href="http://www.mcmaster.ca/inabis98/mulvany/heagerty0861/two.html" name="http://www.mcmaster.ca/inabis98/mulvany/heagerty0861/two.html" ShowMode="NewWindow">http://www.mcmaster.ca/inabis98/mulvany/heagerty0861/two.html</link><br/>
</clcik_to_url_manchester>
<arrow xlink:label="L2243" alt="" xlink:href="../pvr_chart.swf" xlink:name="New Link" href="../pvr_chart.swf" name="New Link" ShowMode="NewWindow" windowwidth="800" windowheight="600" windowtop="350" windowleft="300">
<xp:img href="../arrow.gif" width="30" height="30"></xp:img></arrow>
<movie><xp:mov xlink:label="L2244" href="../pvr_chart.swf" alt="">
</xp:mov></movie>
<greyline_2 xlink:label="L2245" alt="">
<xp:img href="../greyline_2.gif" width="200" height="20"></xp:img></greyline_2>
<university_of_western_australia xlink:label="L2246">For explanatory text with images on the general structure of blood vessels and variations of vessel wall structure, click on the URL of the School of anatomy and Human Biology <link xlink:href="http://www.lab.anhb.uwa.edu.au/mb140/CorePages/Vascular/Vascular.htm#labmuscular" xlink:name="http://www.lab.anhb.uwa.edu.au/mb140/CorePages/Vascular/Vascular.htm#labmuscular" href="http://www.lab.anhb.uwa.edu.au/mb140/CorePages/Vascular/Vascular.htm#labmuscular" name="http://www.lab.anhb.uwa.edu.au/mb140/CorePages/Vascular/Vascular.htm#labmuscular" ShowMode="NewWindow">http://www.lab.anhb.uwa.edu.au/mb140/CorePages/Vascular/Vascular.htm#labmuscular</link></university_of_western_australia>
</xp:page>
<image xlink:label="L2253" alt="">
<xp:img href="../Hyaline_arteriolar_sclerosis.jpg" width="600" height="400"></xp:img></image>
<arrow xlink:label="L2254" alt="" xlink:href="../hypertinsive_arteries.jpg" xlink:name="New Link" href="../hypertinsive_arteries.jpg" name="New Link" ShowMode="NewWindow" windowwidth="450" windowheight="520" windowtop="350" windowleft="300">
<xp:img href="../arrow.gif" width="30" height="30"></xp:img></arrow>
<image xlink:label="L2255" alt="">
<xp:img href="../hypertinsive_arteries.jpg" width="398" height="493"></xp:img></image>
<arrow xlink:label="L2256" alt="" xlink:href="../Hyaline_arteriolar_sclerosis.jpg" xlink:name="WebPath - hypaline_arteriolar_sclerosis" href="../Hyaline_arteriolar_sclerosis.jpg" name="WebPath - hypaline_arteriolar_sclerosis" ShowMode="NewWindow" windowwidth="480" windowheight="350" windowtop="350" windowleft="300">
<xp:img href="../arrow.gif" width="30" height="30"></xp:img></arrow>
</xp:page>
<cardiovascular_disease_idf_diabetes xlink:label="L2262">cardiovascular disease = IDF diabetes</cardiovascular_disease_idf_diabetes>
</xp:group>
<!-- End of XML file generated by eXact Packager  -->
