<?xml version="1.0" encoding="UTF-8"?>
<manifest xmlns="http://www.imsglobal.org/xsd/imscp_v1p1" xmlns:xsi="http://www.w3.org/2001/XMLSchema-instance" xsi:schemaLocation="http://www.imsglobal.org/xsd/imscp_v1p1 http://www.imsglobal.org/xsd/imscp_v1p1p3.xsd" identifier="Effect_Hypertension_Arterial_Tree" version="1.0">
  <!--This package was created on Wed Apr 23 20:10:11 BST 2008 by IntraLibrary2.9(74160)-->
  <metadata>
    <schema>IMS Content</schema>
    <schemaversion>1.2.2</schemaversion>
    <imsmd:lom xmlns:imsmd="http://www.imsglobal.org/xsd/imsmd_v1p2" xsi:schemaLocation="http://www.imsglobal.org/xsd/imsmd_v1p2 http://www.imsglobal.org/xsd/imsmd_v1p2p2.xsd">
      <imsmd:general>
        <imsmd:identifier>IVIMEDS-8624d255-109f3c00d04-0000000002515</imsmd:identifier>
        <imsmd:title>
          <imsmd:langstring xml:lang="en">Effect of hypertension on arterial tree - SAQ</imsmd:langstring>
        </imsmd:title>
        <imsmd:catalogentry>
          <imsmd:catalog>IntraLibrary-OAI</imsmd:catalog>
          <imsmd:entry>
            <imsmd:langstring xml:lang="x-none">oai:org.ivimeds.intralibrary:478</imsmd:langstring>
          </imsmd:entry>
        </imsmd:catalogentry>
        <imsmd:language>en</imsmd:language>
        <imsmd:description>
          <imsmd:langstring xml:lang="x-none">Self assessment question, with feedback and examples, on the effect of hypertension on the arterial tree.</imsmd:langstring>
        </imsmd:description>
        <imsmd:keyword>
          <imsmd:langstring xml:lang="x-none">hypertension</imsmd:langstring>
        </imsmd:keyword>
        <imsmd:keyword>
          <imsmd:langstring xml:lang="en">arteries in hypertension</imsmd:langstring>
        </imsmd:keyword>
        <imsmd:keyword>
          <imsmd:langstring xml:lang="en">peripheral vascular resistance</imsmd:langstring>
        </imsmd:keyword>
      </imsmd:general>
      <imsmd:lifecycle>
        <imsmd:version>
          <imsmd:langstring xml:lang="x-none">1.0</imsmd:langstring>
        </imsmd:version>
        <imsmd:status>
          <imsmd:source>
            <imsmd:langstring xml:lang="x-none">LOMv1.0</imsmd:langstring>
          </imsmd:source>
          <imsmd:value>
            <imsmd:langstring xml:lang="x-none">Final</imsmd:langstring>
          </imsmd:value>
        </imsmd:status>
        <imsmd:contribute>
          <imsmd:role>
            <imsmd:source>
              <imsmd:langstring xml:lang="x-none">LOMv1.0</imsmd:langstring>
            </imsmd:source>
            <imsmd:value>
              <imsmd:langstring xml:lang="x-none">Author</imsmd:langstring>
            </imsmd:value>
          </imsmd:role>
          <imsmd:centity>
            <imsmd:vcard>BEGIN:vcard&#xD;
FN:IVIMEDS&#xD;
ORG:ivimeds&#xD;
END:vcard</imsmd:vcard>
          </imsmd:centity>
          <imsmd:date>
            <imsmd:datetime>2006-11-23</imsmd:datetime>
          </imsmd:date>
        </imsmd:contribute>
      </imsmd:lifecycle>
      <imsmd:metametadata>
        <imsmd:contribute>
          <imsmd:role>
            <imsmd:source>
              <imsmd:langstring xml:lang="x-none">LOMv1.0</imsmd:langstring>
            </imsmd:source>
            <imsmd:value>
              <imsmd:langstring xml:lang="x-none">Validator</imsmd:langstring>
            </imsmd:value>
          </imsmd:role>
          <imsmd:centity>
            <imsmd:vcard>BEGIN:vcard&#xD;
FN:Minerva Arseculeratne&#xD;
ORG:ivimeds&#xD;
EMAIL:M.Arseculeratne@dundee.ac.uk&#xD;
END:vcard</imsmd:vcard>
          </imsmd:centity>
          <imsmd:date>
            <imsmd:datetime>2006-11-23T16:06:05.500</imsmd:datetime>
          </imsmd:date>
        </imsmd:contribute>
        <imsmd:metadatascheme>LOM 6.2</imsmd:metadatascheme>
        <imsmd:metadatascheme>IMS 1.2.1</imsmd:metadatascheme>
        <imsmd:metadatascheme>IVIMEDS</imsmd:metadatascheme>
        <imsmd:language>en</imsmd:language>
      </imsmd:metametadata>
      <imsmd:technical>
        <imsmd:format>application/zip</imsmd:format>
        <imsmd:size>482172</imsmd:size>
      </imsmd:technical>
      <imsmd:educational>
        <imsmd:learningresourcetype>
          <imsmd:source>
            <imsmd:langstring xml:lang="x-none">LOMv1.0</imsmd:langstring>
          </imsmd:source>
          <imsmd:value>
            <imsmd:langstring xml:lang="x-none">Self Assessment</imsmd:langstring>
          </imsmd:value>
        </imsmd:learningresourcetype>
        <imsmd:intendedenduserrole>
          <imsmd:source>
            <imsmd:langstring xml:lang="x-none">LOMv1.0</imsmd:langstring>
          </imsmd:source>
          <imsmd:value>
            <imsmd:langstring xml:lang="x-none">Learner</imsmd:langstring>
          </imsmd:value>
        </imsmd:intendedenduserrole>
        <imsmd:context>
          <imsmd:source>
            <imsmd:langstring xml:lang="x-none">LOMv1.0</imsmd:langstring>
          </imsmd:source>
          <imsmd:value>
            <imsmd:langstring xml:lang="x-none">University First Cycle</imsmd:langstring>
          </imsmd:value>
        </imsmd:context>
      </imsmd:educational>
      <imsmd:rights>
        <imsmd:cost>
          <imsmd:source>
            <imsmd:langstring xml:lang="x-none">LOMv1.0</imsmd:langstring>
          </imsmd:source>
          <imsmd:value>
            <imsmd:langstring xml:lang="x-none">yes</imsmd:langstring>
          </imsmd:value>
        </imsmd:cost>
        <imsmd:copyrightandotherrestrictions>
          <imsmd:source>
            <imsmd:langstring xml:lang="x-none">LOMv1.0</imsmd:langstring>
          </imsmd:source>
          <imsmd:value>
            <imsmd:langstring xml:lang="x-none">yes</imsmd:langstring>
          </imsmd:value>
        </imsmd:copyrightandotherrestrictions>
        <imsmd:description>
          <imsmd:langstring xml:lang="x-none">IVIMEDS</imsmd:langstring>
        </imsmd:description>
      </imsmd:rights>
      <imsmd:classification>
        <imsmd:purpose>
          <imsmd:source>
            <imsmd:langstring xml:lang="x-none">LOMv1.0</imsmd:langstring>
          </imsmd:source>
          <imsmd:value>
            <imsmd:langstring xml:lang="x-none">Discipline</imsmd:langstring>
          </imsmd:value>
        </imsmd:purpose>
        <imsmd:taxonpath>
          <imsmd:source>
            <imsmd:langstring xml:lang="en">0</imsmd:langstring>
          </imsmd:source>
          <imsmd:taxon>
            <imsmd:id>500</imsmd:id>
            <imsmd:entry>
              <imsmd:langstring xml:lang="en">Systems</imsmd:langstring>
            </imsmd:entry>
            <imsmd:taxon>
              <imsmd:id>500.133</imsmd:id>
              <imsmd:entry>
                <imsmd:langstring xml:lang="en">Cardiovascular System</imsmd:langstring>
              </imsmd:entry>
              <imsmd:taxon>
                <imsmd:id>500.133.615</imsmd:id>
                <imsmd:entry>
                  <imsmd:langstring xml:lang="en">Outcome 8 - Basic, Social and Clinical sciences</imsmd:langstring>
                </imsmd:entry>
                <imsmd:taxon>
                  <imsmd:id>500.133.615.461</imsmd:id>
                  <imsmd:entry>
                    <imsmd:langstring xml:lang="en">Alteration in structure and function (Pathophysiology)</imsmd:langstring>
                  </imsmd:entry>
                  <imsmd:taxon>
                    <imsmd:id>500.133.615.461.476</imsmd:id>
                    <imsmd:entry>
                      <imsmd:langstring xml:lang="en">Hypertension</imsmd:langstring>
                    </imsmd:entry>
                    <imsmd:taxon>
                      <imsmd:id>500.133.615.461.476.800</imsmd:id>
                      <imsmd:entry>
                        <imsmd:langstring xml:lang="en">Complications</imsmd:langstring>
                      </imsmd:entry>
                      <imsmd:taxon>
                        <imsmd:id>500.133.615.461.476.800.142</imsmd:id>
                        <imsmd:entry>
                          <imsmd:langstring xml:lang="en">Acceleration of atheromatous disease</imsmd:langstring>
                        </imsmd:entry>
                      </imsmd:taxon>
                    </imsmd:taxon>
                  </imsmd:taxon>
                </imsmd:taxon>
              </imsmd:taxon>
            </imsmd:taxon>
          </imsmd:taxon>
        </imsmd:taxonpath>
      </imsmd:classification>
    </imsmd:lom>
    <o-ex:rights xmlns:o-ex="http://odrl.net/1.1/ODRL-EX" xmlns:o-dd="http://odrl.net/1.1/ODRL-DD" xmlns="http://www.intrallect.com/DRM" />
  </metadata>
  <organizations default="xp_man0_toc1">
    <organization identifier="xp_man0_toc1">
      <title>default</title>
      <item identifierref="res2225" identifier="xp_man0_toc1_8171">
        <title>Effect of hypertension on arterial tree</title>
      </item>
    </organization>
  </organizations>
  <resources>
    <resource xmlns:xp="http://www.giuntilabs.com/exact/xp_v1d0" xp:type="lo" href="1636F472-5823-4DDF-8918-AB3C254B04AE/Single_Page_2231.html" identifier="res2225" type="webcontent">
      <file href="1636F472-5823-4DDF-8918-AB3C254B04AE/Single_Page_2231.xml" />
      <file href="hyp2_11.swf" />
      <file href="1636F472-5823-4DDF-8918-AB3C254B04AE/Single_Page_2231.html" />
      <file href="1636F472-5823-4DDF-8918-AB3C254B04AE/Single_Page_2231.css" />
      <file href="ivimeds/Background/template2.gif" />
      <file href="1636F472-5823-4DDF-8918-AB3C254B04AE/Single_Page_2232.xml" />
      <file href="1636F472-5823-4DDF-8918-AB3C254B04AE/Single_Page_2232.html" />
      <file href="1636F472-5823-4DDF-8918-AB3C254B04AE/Single_Page_2232.css" />
      <file href="runmovie.html" />
      <file href="SQUARE_paleblue.gif" />
      <file href="interntet_icon.jpg" />
      <file href="1636F472-5823-4DDF-8918-AB3C254B04AE/Single_Page_2237.xml" />
      <file href="1636F472-5823-4DDF-8918-AB3C254B04AE/Single_Page_2237.html" />
      <file href="1636F472-5823-4DDF-8918-AB3C254B04AE/Single_Page_2237.css" />
      <file href="arrow.gif" />
      <file href="1636F472-5823-4DDF-8918-AB3C254B04AE/Single_Page_2239.xml" />
      <file href="1636F472-5823-4DDF-8918-AB3C254B04AE/Single_Page_2239.html" />
      <file href="1636F472-5823-4DDF-8918-AB3C254B04AE/Single_Page_2239.css" />
      <file href="pvr_chart.swf" />
      <file href="greyline_2.gif" />
      <file href="Hyaline_arteriolar_sclerosis.jpg" />
      <file href="hypertinsive_arteries.jpg" />
      <file href="1636F472-5823-4DDF-8918-AB3C254B04AE/lo_2225.xpg" />
    </resource>
  </resources>
</manifest>

